{
  "version": "1.0.0",
  "platformVersion": "3.2.1",
  "authentication": {
    "type": "custom",
    "fields": [
      {
        "key": "platform_url",
        "label": "Platform",
        "required": true,
        "type": "string",
        "helpText": "This is the full domain of your DeskPRO platform. Please include .deskpro.com if you're hosted on the cloud.",
        "placeholder": "yoursupport.deskpro.com",
        "inputFormat": "https://{{input}}/"
      },
      {
        "key": "apiKey",
        "label": "API Key",
        "required": true,
        "type": "string",
        "helpText": "You can create a new API key in the Apps / Api Key section of the admin of your Deskpro platform. See [here](https://support.deskpro.com/en/guides/admin-guide/integration/using-the-deskpro-api-2#managing-api-keys) for help.",
        "placeholder": "1:ABCDEFGHIJKLMNOP1234567890"
      }
    ],
    "connectionLabel": "{{bundle.authData.platform_url}}",
    "test": "$func$2$f$"
  },
  "beforeRequest": [
    "$func$3$f$"
  ],
  "resources": {},
  "triggers": {
    "test_trigger": {
      "key": "test_trigger",
      "noun": "Test",
      "display": {
        "label": "Test Trigger",
        "description": "Triggers to test API is working.",
        "hidden": true
      },
      "operation": {
        "inputFields": [],
        "perform": "$func$2$f$"
      }
    },
    "get_departments": {
      "key": "get_departments",
      "noun": "Department",
      "display": {
        "label": "Get Departments",
        "description": "Triggers when a user want to get departments for dynamic dropdowns.",
        "hidden": true
      },
      "operation": {
        "inputFields": [],
        "outputFields": [
          {
            "key": "data",
            "type": "string"
          },
          {
            "key": "data[]agents",
            "type": "string"
          },
          {
            "key": "data[]avatar",
            "type": "string"
          },
          {
            "key": "data[]brands",
            "type": "string",
            "label": "Brands"
          },
          {
            "key": "data[]display_order",
            "type": "string"
          },
          {
            "key": "data[]id",
            "type": "string",
            "label": "Id"
          },
          {
            "key": "data[]is_chat_enabled",
            "type": "string"
          },
          {
            "key": "data[]is_tickets_enabled",
            "type": "string"
          },
          {
            "key": "data[]parent",
            "type": "string",
            "label": "Parent"
          },
          {
            "key": "data[]title",
            "type": "string",
            "label": "Title"
          },
          {
            "key": "data[]user_title",
            "type": "string",
            "label": "User Title"
          },
          {
            "key": "meta__pagination__count",
            "type": "string"
          },
          {
            "key": "meta__pagination__current_page",
            "type": "string"
          },
          {
            "key": "meta__pagination__per_page",
            "type": "string"
          },
          {
            "key": "meta__pagination__total",
            "type": "string"
          },
          {
            "key": "meta__pagination__total_pages",
            "type": "string"
          }
        ],
        "perform": "$func$2$f$"
      }
    },
    "new_ticket_polling": {
      "key": "new_ticket_polling",
      "noun": "Ticket",
      "display": {
        "label": "New Ticket (Polling)",
        "description": "Triggers when a new ticket is created."
      },
      "operation": {
        "inputFields": [
          {
            "key": "filter",
            "label": "Ticket Filter",
            "helpText": "(help text must be at least 10 characters)",
            "type": "integer",
            "required": true
          }
        ],
        "outputFields": [
          {
            "key": "data",
            "type": "string"
          },
          {
            "key": "data[]agent",
            "type": "string",
            "label": "Agent Id"
          },
          {
            "key": "data[]agent_team",
            "type": "string",
            "label": "Agent Team Id"
          },
          {
            "key": "data[]auth",
            "type": "string"
          },
          {
            "key": "data[]category",
            "type": "string"
          },
          {
            "key": "data[]cc",
            "type": "string"
          },
          {
            "key": "data[]children",
            "type": "string"
          },
          {
            "key": "data[]count_agent_replies",
            "type": "string"
          },
          {
            "key": "data[]count_user_replies",
            "type": "string"
          },
          {
            "key": "data[]creation_system",
            "type": "string"
          },
          {
            "key": "data[]creation_system_option",
            "type": "string"
          },
          {
            "key": "data[]date_agent_waiting",
            "type": "string"
          },
          {
            "key": "data[]date_archived",
            "type": "string"
          },
          {
            "key": "data[]date_created",
            "type": "string",
            "label": "Date Created"
          },
          {
            "key": "data[]date_feedback_rating",
            "type": "string"
          },
          {
            "key": "data[]date_first_agent_assign",
            "type": "string"
          },
          {
            "key": "data[]date_first_agent_reply",
            "type": "string"
          },
          {
            "key": "data[]date_last_agent_reply",
            "type": "string"
          },
          {
            "key": "data[]date_last_user_reply",
            "type": "string"
          },
          {
            "key": "data[]date_locked",
            "type": "string"
          },
          {
            "key": "data[]date_resolved",
            "type": "string"
          },
          {
            "key": "data[]date_status",
            "type": "string"
          },
          {
            "key": "data[]date_user_waiting",
            "type": "string"
          },
          {
            "key": "data[]department",
            "type": "string",
            "label": "Department Id"
          },
          {
            "key": "data[]email_account",
            "type": "string"
          },
          {
            "key": "data[]email_account_address",
            "type": "string"
          },
          {
            "key": "data[]feedback_rating",
            "type": "string"
          },
          {
            "key": "data[]has_attachments",
            "type": "string"
          },
          {
            "key": "data[]hidden_status",
            "type": "string"
          },
          {
            "key": "data[]id",
            "type": "string",
            "label": "Id"
          },
          {
            "key": "data[]is_hold",
            "type": "string"
          },
          {
            "key": "data[]labels",
            "type": "string"
          },
          {
            "key": "data[]language",
            "type": "string"
          },
          {
            "key": "data[]linked_chat",
            "type": "string"
          },
          {
            "key": "data[]locked_by_agent",
            "type": "string"
          },
          {
            "key": "data[]organization",
            "type": "string",
            "label": "Organization Id"
          },
          {
            "key": "data[]original_subject",
            "type": "string",
            "label": "Original Subject"
          },
          {
            "key": "data[]parent",
            "type": "string"
          },
          {
            "key": "data[]person",
            "type": "string",
            "label": "Person Id"
          },
          {
            "key": "data[]person_email",
            "type": "string",
            "label": "Person Email"
          },
          {
            "key": "data[]priority",
            "type": "string"
          },
          {
            "key": "data[]problems",
            "type": "string"
          },
          {
            "key": "data[]product",
            "type": "string"
          },
          {
            "key": "data[]properties",
            "type": "string"
          },
          {
            "key": "data[]ref",
            "type": "string",
            "label": "Ref"
          },
          {
            "key": "data[]sent_to_address",
            "type": "string"
          },
          {
            "key": "data[]siblings",
            "type": "string"
          },
          {
            "key": "data[]star",
            "type": "string",
            "label": "Star"
          },
          {
            "key": "data[]status",
            "type": "string",
            "label": "Status"
          },
          {
            "key": "data[]subject",
            "type": "string",
            "label": "Subject"
          },
          {
            "key": "data[]ticket_hash",
            "type": "string"
          },
          {
            "key": "data[]ticket_slas",
            "type": "string"
          },
          {
            "key": "data[]total_to_first_reply",
            "type": "string"
          },
          {
            "key": "data[]total_user_waiting",
            "type": "string"
          },
          {
            "key": "data[]urgency",
            "type": "string",
            "label": "Urgency"
          },
          {
            "key": "data[]waiting_times",
            "type": "string"
          },
          {
            "key": "data[]workflow",
            "type": "string"
          },
          {
            "key": "data[]worst_sla_status",
            "type": "string"
          },
          {
            "key": "meta__pagination__count",
            "type": "string"
          },
          {
            "key": "meta__pagination__current_page",
            "type": "string"
          },
          {
            "key": "meta__pagination__per_page",
            "type": "string"
          },
          {
            "key": "meta__pagination__total",
            "type": "string"
          },
          {
            "key": "meta__pagination__total_pages",
            "type": "string"
          }
        ],
        "perform": "$func$2$f$"
      }
    },
    "get_stars": {
      "key": "get_stars",
      "noun": "Star",
      "display": {
        "label": "Get Stars",
        "description": "Get Stars for dynamic dropdown.",
        "hidden": true
      },
      "operation": {
        "inputFields": [],
        "outputFields": [
          {
            "key": "data",
            "type": "string"
          },
          {
            "key": "data[]color",
            "type": "string",
            "label": "Color"
          },
          {
            "key": "data[]hex",
            "type": "string",
            "label": "Hexadecimal color code"
          },
          {
            "key": "data[]id",
            "type": "string",
            "label": "Id"
          },
          {
            "key": "data[]name",
            "type": "string",
            "label": "Name"
          }
        ],
        "perform": "$func$2$f$"
      }
    },
    "get_ticket_filters": {
      "key": "get_ticket_filters",
      "noun": "Filter",
      "display": {
        "label": "Get Ticket Filters",
        "description": "Get ticket filter for dynamic dropdown.",
        "hidden": true
      },
      "operation": {
        "inputFields": [],
        "outputFields": [
          {
            "key": "data",
            "type": "string"
          },
          {
            "key": "data[]date_created",
            "type": "string"
          },
          {
            "key": "data[]date_updated",
            "type": "string"
          },
          {
            "key": "data[]display_order",
            "type": "string"
          },
          {
            "key": "data[]filter_preferences",
            "type": "string"
          },
          {
            "key": "data[]filter_views",
            "type": "string"
          },
          {
            "key": "data[]id",
            "type": "string",
            "label": "Id"
          },
          {
            "key": "data[]term__op",
            "type": "string"
          },
          {
            "key": "data[]term__options",
            "type": "string"
          },
          {
            "key": "data[]term__options__status",
            "type": "string"
          },
          {
            "key": "data[]term__terms",
            "type": "string"
          },
          {
            "key": "data[]term__terms[]op",
            "type": "string"
          },
          {
            "key": "data[]term__terms[]options__agent_ids",
            "type": "string"
          },
          {
            "key": "data[]term__terms[]options__agent_team_ids",
            "type": "string"
          },
          {
            "key": "data[]term__terms[]options__person_ids",
            "type": "string"
          },
          {
            "key": "data[]term__terms[]options__status",
            "type": "string"
          },
          {
            "key": "data[]ticket_filter_set",
            "type": "string"
          },
          {
            "key": "data[]title",
            "type": "string",
            "label": "Title"
          },
          {
            "key": "meta__pagination__count",
            "type": "string"
          },
          {
            "key": "meta__pagination__current_page",
            "type": "string"
          },
          {
            "key": "meta__pagination__per_page",
            "type": "string"
          },
          {
            "key": "meta__pagination__total",
            "type": "string"
          },
          {
            "key": "meta__pagination__total_pages",
            "type": "string"
          }
        ],
        "perform": "$func$2$f$"
      }
    },
    "new_ticket_webhook": {
      "key": "new_ticket_webhook",
      "noun": "Ticket",
      "display": {
        "label": "New Ticket",
        "description": "Triggers when a new ticket is created.",
        "important": true
      },
      "operation": {
        "inputFields": [],
        "outputFields": [
          {
            "key": "agent",
            "type": "string",
            "label": "Agent Id"
          },
          {
            "key": "auth",
            "type": "string"
          },
          {
            "key": "cc",
            "type": "string"
          },
          {
            "key": "children",
            "type": "string"
          },
          {
            "key": "contextual_fields",
            "type": "string"
          },
          {
            "key": "count_agent_replies",
            "type": "string"
          },
          {
            "key": "count_user_replies",
            "type": "string"
          },
          {
            "key": "creation_system",
            "type": "string"
          },
          {
            "key": "creation_system_option",
            "type": "string"
          },
          {
            "key": "date_agent_waiting",
            "type": "string"
          },
          {
            "key": "date_created",
            "type": "string"
          },
          {
            "key": "date_first_agent_assign",
            "type": "string"
          },
          {
            "key": "date_first_agent_reply",
            "type": "string"
          },
          {
            "key": "date_last_agent_reply",
            "type": "string"
          },
          {
            "key": "date_status",
            "type": "string"
          },
          {
            "key": "department",
            "type": "string",
            "label": "Department Id"
          },
          {
            "key": "email_account_address",
            "type": "string"
          },
          {
            "key": "fields",
            "type": "string"
          },
          {
            "key": "has_attachments",
            "type": "string"
          },
          {
            "key": "id",
            "type": "string",
            "label": "Id"
          },
          {
            "key": "is_hold",
            "type": "string"
          },
          {
            "key": "labels",
            "type": "string"
          },
          {
            "key": "organization",
            "type": "string"
          },
          {
            "key": "original_subject",
            "type": "string"
          },
          {
            "key": "person",
            "type": "string",
            "label": "Person Id"
          },
          {
            "key": "person_email",
            "type": "string",
            "label": "Person Email"
          },
          {
            "key": "problems",
            "type": "string"
          },
          {
            "key": "ref",
            "type": "string"
          },
          {
            "key": "sent_to_address",
            "type": "string"
          },
          {
            "key": "siblings",
            "type": "string"
          },
          {
            "key": "status",
            "type": "string",
            "label": "Status"
          },
          {
            "key": "subject",
            "type": "string",
            "label": "Subject"
          },
          {
            "key": "ticket_hash",
            "type": "string"
          },
          {
            "key": "ticket_slas",
            "type": "string"
          },
          {
            "key": "total_to_first_reply",
            "type": "string"
          },
          {
            "key": "total_user_waiting",
            "type": "string"
          },
          {
            "key": "urgency",
            "type": "string"
          },
          {
            "key": "waiting_times",
            "type": "string"
          }
        ],
        "perform": "$func$2$f$"
      }
    },
    "get_persons": {
      "key": "get_persons",
      "noun": "Person",
      "display": {
        "label": "Get Person",
        "description": "Get Person for dynamic dropdowns.",
        "hidden": true
      },
      "operation": {
        "inputFields": [],
        "outputFields": [
          {
            "key": "data",
            "type": "string"
          },
          {
            "key": "data[]agent_data",
            "type": "string"
          },
          {
            "key": "data[]agent_groups",
            "type": "string"
          },
          {
            "key": "data[]avatar__base_gravatar_url",
            "type": "string"
          },
          {
            "key": "data[]avatar__default_url_pattern",
            "type": "string"
          },
          {
            "key": "data[]avatar__url_pattern",
            "type": "string"
          },
          {
            "key": "data[]browser",
            "type": "string"
          },
          {
            "key": "data[]can_admin",
            "type": "string"
          },
          {
            "key": "data[]can_agent",
            "type": "string"
          },
          {
            "key": "data[]can_billing",
            "type": "string"
          },
          {
            "key": "data[]chats_count",
            "type": "string"
          },
          {
            "key": "data[]contact_data",
            "type": "string"
          },
          {
            "key": "data[]creation_system",
            "type": "string"
          },
          {
            "key": "data[]date_created",
            "type": "string",
            "label": "Date Created"
          },
          {
            "key": "data[]date_last_login",
            "type": "string"
          },
          {
            "key": "data[]disable_autoresponses",
            "type": "string"
          },
          {
            "key": "data[]disable_autoresponses_log",
            "type": "string"
          },
          {
            "key": "data[]disable_picture",
            "type": "string"
          },
          {
            "key": "data[]emails",
            "type": "string"
          },
          {
            "key": "data[]first_name",
            "type": "string",
            "label": "First Name"
          },
          {
            "key": "data[]gravatar_url",
            "type": "string"
          },
          {
            "key": "data[]id",
            "type": "string",
            "label": "Id"
          },
          {
            "key": "data[]is_agent",
            "type": "string",
            "label": "Is Agent"
          },
          {
            "key": "data[]is_confirmed",
            "type": "string"
          },
          {
            "key": "data[]is_contact",
            "type": "string"
          },
          {
            "key": "data[]is_deleted",
            "type": "string"
          },
          {
            "key": "data[]is_disabled",
            "type": "string"
          },
          {
            "key": "data[]is_user",
            "type": "string"
          },
          {
            "key": "data[]labels",
            "type": "string"
          },
          {
            "key": "data[]language",
            "type": "string"
          },
          {
            "key": "data[]last_name",
            "type": "string",
            "label": "Last Name"
          },
          {
            "key": "data[]last_seen",
            "type": "string"
          },
          {
            "key": "data[]name",
            "type": "string",
            "label": "Name"
          },
          {
            "key": "data[]online",
            "type": "string"
          },
          {
            "key": "data[]organization",
            "type": "string",
            "label": "Organization Id"
          },
          {
            "key": "data[]organization_manager",
            "type": "string"
          },
          {
            "key": "data[]organization_position",
            "type": "string"
          },
          {
            "key": "data[]override_display_name",
            "type": "string"
          },
          {
            "key": "data[]phone_numbers",
            "type": "string"
          },
          {
            "key": "data[]picture_blob",
            "type": "string"
          },
          {
            "key": "data[]primary_email",
            "type": "string",
            "label": "Primary Email"
          },
          {
            "key": "data[]primary_team",
            "type": "string"
          },
          {
            "key": "data[]summary",
            "type": "string"
          },
          {
            "key": "data[]teams",
            "type": "string"
          },
          {
            "key": "data[]tickets_count",
            "type": "string"
          },
          {
            "key": "data[]timezone",
            "type": "string"
          },
          {
            "key": "data[]title_prefix",
            "type": "string"
          },
          {
            "key": "data[]user_groups",
            "type": "string"
          },
          {
            "key": "data[]was_agent",
            "type": "string"
          }
        ],
        "perform": "$func$2$f$"
      }
    },
    "get_organizations": {
      "key": "get_organizations",
      "noun": "Organization",
      "display": {
        "label": "Get Organization",
        "description": "Get organizations for dynamic dropdowns.",
        "hidden": true
      },
      "operation": {
        "inputFields": [],
        "outputFields": [
          {
            "key": "data",
            "type": "string"
          },
          {
            "key": "data[]chats_count",
            "type": "string",
            "label": "Chats count"
          },
          {
            "key": "data[]contact_data",
            "type": "string"
          },
          {
            "key": "data[]date_created",
            "type": "string"
          },
          {
            "key": "data[]email_domains",
            "type": "string"
          },
          {
            "key": "data[]id",
            "type": "string",
            "label": "Id"
          },
          {
            "key": "data[]importance",
            "type": "string"
          },
          {
            "key": "data[]labels",
            "type": "string"
          },
          {
            "key": "data[]members",
            "type": "string",
            "label": "Members Ids"
          },
          {
            "key": "data[]name",
            "type": "string",
            "label": "Name"
          },
          {
            "key": "data[]parent",
            "type": "string"
          },
          {
            "key": "data[]summary",
            "type": "string",
            "label": "Summary"
          },
          {
            "key": "data[]tickets_count",
            "type": "string",
            "label": "Tickets count"
          },
          {
            "key": "data[]user_groups",
            "type": "string"
          },
          {
            "key": "meta__pagination__count",
            "type": "string"
          },
          {
            "key": "meta__pagination__current_page",
            "type": "string"
          },
          {
            "key": "meta__pagination__per_page",
            "type": "string"
          },
          {
            "key": "meta__pagination__total",
            "type": "string"
          },
          {
            "key": "meta__pagination__total_pages",
            "type": "string"
          }
        ],
        "perform": "$func$2$f$"
      }
    },
    "get_ticket_statuses": {
      "key": "get_ticket_statuses",
      "noun": "Status",
      "display": {
        "label": "Get Ticket Statuses",
        "description": "Get ticket statuses from dynamic dropdowns.",
        "hidden": true
      },
      "operation": {
        "inputFields": [],
        "outputFields": [
          {
            "key": "data",
            "type": "string",
            "label": "Status"
          }
        ],
        "perform": "$func$2$f$"
      }
    },
    "new_ticket_reply": {
      "key": "new_ticket_reply",
      "noun": "Reply",
      "display": {
        "label": "New Ticket Reply",
        "description": "Triggers when a ticket is answered."
      },
      "operation": {
        "inputFields": [],
        "outputFields": [
          {
            "key": "attachments",
            "type": "string"
          },
          {
            "key": "attributes",
            "type": "string"
          },
          {
            "key": "creation_system",
            "type": "string"
          },
          {
            "key": "date_created",
            "type": "string"
          },
          {
            "key": "email",
            "type": "string",
            "label": "Email"
          },
          {
            "key": "email_source",
            "type": "string"
          },
          {
            "key": "geo_country",
            "type": "string"
          },
          {
            "key": "hostname",
            "type": "string"
          },
          {
            "key": "id",
            "type": "string"
          },
          {
            "key": "ip_address",
            "type": "string"
          },
          {
            "key": "is_agent_note",
            "type": "string"
          },
          {
            "key": "lang_code",
            "type": "string"
          },
          {
            "key": "message",
            "type": "string"
          },
          {
            "key": "message_full",
            "type": "string"
          },
          {
            "key": "message_hash",
            "type": "string"
          },
          {
            "key": "message_raw",
            "type": "string"
          },
          {
            "key": "person",
            "type": "string",
            "label": "Person Id"
          },
          {
            "key": "primary_translation",
            "type": "string"
          },
          {
            "key": "show_full_hint",
            "type": "string"
          },
          {
            "key": "ticket",
            "type": "string",
            "label": "Ticket Id"
          },
          {
            "key": "visitor_id",
            "type": "string"
          }
        ],
        "perform": "$func$2$f$"
      }
    },
    "new_person": {
      "key": "new_person",
      "noun": "Person",
      "display": {
        "label": "New Person",
        "description": "Triggers when a new person is created.",
        "important": true
      },
      "operation": {
        "inputFields": [],
        "outputFields": [
          {
            "key": "agent_data",
            "type": "string"
          },
          {
            "key": "agent_groups",
            "type": "string"
          },
          {
            "key": "avatar__base_gravatar_url",
            "type": "string"
          },
          {
            "key": "avatar__default_url_pattern",
            "type": "string"
          },
          {
            "key": "avatar__url_pattern",
            "type": "string"
          },
          {
            "key": "browser",
            "type": "string"
          },
          {
            "key": "can_admin",
            "type": "string",
            "label": "Can admin"
          },
          {
            "key": "can_agent",
            "type": "string"
          },
          {
            "key": "can_billing",
            "type": "string"
          },
          {
            "key": "chats_count",
            "type": "string"
          },
          {
            "key": "contact_data",
            "type": "string"
          },
          {
            "key": "creation_system",
            "type": "string"
          },
          {
            "key": "date_created",
            "type": "string"
          },
          {
            "key": "date_last_login",
            "type": "string"
          },
          {
            "key": "disable_autoresponses",
            "type": "string"
          },
          {
            "key": "disable_autoresponses_log",
            "type": "string"
          },
          {
            "key": "disable_picture",
            "type": "string"
          },
          {
            "key": "emails",
            "type": "string"
          },
          {
            "key": "first_name",
            "type": "string",
            "label": "First Name"
          },
          {
            "key": "gravatar_url",
            "type": "string"
          },
          {
            "key": "id",
            "type": "string",
            "label": "Id"
          },
          {
            "key": "is_agent",
            "type": "string",
            "label": "Is an agent"
          },
          {
            "key": "is_confirmed",
            "type": "string"
          },
          {
            "key": "is_contact",
            "type": "string"
          },
          {
            "key": "is_deleted",
            "type": "string"
          },
          {
            "key": "is_disabled",
            "type": "string"
          },
          {
            "key": "is_user",
            "type": "string",
            "label": "Is a user"
          },
          {
            "key": "labels",
            "type": "string"
          },
          {
            "key": "language",
            "type": "string"
          },
          {
            "key": "last_name",
            "type": "string",
            "label": "Last Name"
          },
          {
            "key": "last_seen",
            "type": "string"
          },
          {
            "key": "name",
            "type": "string",
            "label": "Name"
          },
          {
            "key": "online",
            "type": "string"
          },
          {
            "key": "organization",
            "type": "string",
            "label": "Organization Id"
          },
          {
            "key": "organization_manager",
            "type": "string"
          },
          {
            "key": "organization_position",
            "type": "string"
          },
          {
            "key": "override_display_name",
            "type": "string"
          },
          {
            "key": "phone_numbers",
            "type": "string"
          },
          {
            "key": "picture_blob",
            "type": "string"
          },
          {
            "key": "primary_email",
            "type": "string",
            "label": "Primary email address"
          },
          {
            "key": "primary_team",
            "type": "string"
          },
          {
            "key": "summary",
            "type": "string"
          },
          {
            "key": "teams",
            "type": "string"
          },
          {
            "key": "tickets_count",
            "type": "string"
          },
          {
            "key": "timezone",
            "type": "string"
          },
          {
            "key": "title_prefix",
            "type": "string"
          },
          {
            "key": "user_groups",
            "type": "string"
          },
          {
            "key": "was_agent",
            "type": "string"
          }
        ],
        "perform": "$func$2$f$"
      }
    },
    "new_organization": {
      "key": "new_organization",
      "noun": "Organization",
      "display": {
        "label": "New Organization",
        "description": "Triggers when a new organization is created."
      },
      "operation": {
        "inputFields": [],
        "outputFields": [
          {
            "key": "chats_count",
            "type": "string"
          },
          {
            "key": "contact_data",
            "type": "string"
          },
          {
            "key": "date_created",
            "type": "string"
          },
          {
            "key": "email_domains",
            "type": "string"
          },
          {
            "key": "id",
            "type": "string",
            "label": "Id"
          },
          {
            "key": "importance",
            "type": "string"
          },
          {
            "key": "labels",
            "type": "string"
          },
          {
            "key": "members",
            "type": "string"
          },
          {
            "key": "name",
            "type": "string",
            "label": "Name"
          },
          {
            "key": "parent",
            "type": "string"
          },
          {
            "key": "summary",
            "type": "string",
            "label": "Summary"
          },
          {
            "key": "tickets_count",
            "type": "string"
          },
          {
            "key": "user_groups",
            "type": "string"
          }
        ],
        "perform": "$func$2$f$"
      }
    },
    "get_tickets": {
      "key": "get_tickets",
      "noun": "Ticket",
      "display": {
        "label": "Get Ticket",
        "description": "Get Ticket for dynamic dropdowns.",
        "hidden": true
      },
      "operation": {
        "inputFields": [],
        "outputFields": [
          {
            "key": "data",
            "type": "string"
          },
          {
            "key": "data[]agent",
            "type": "string",
            "label": "Agent Id"
          },
          {
            "key": "data[]agent_team",
            "type": "string",
            "label": "Agent Team Id"
          },
          {
            "key": "data[]auth",
            "type": "string"
          },
          {
            "key": "data[]category",
            "type": "string",
            "label": "Category Id"
          },
          {
            "key": "data[]cc",
            "type": "string"
          },
          {
            "key": "data[]children",
            "type": "string"
          },
          {
            "key": "data[]count_agent_replies",
            "type": "string"
          },
          {
            "key": "data[]count_user_replies",
            "type": "string"
          },
          {
            "key": "data[]creation_system",
            "type": "string"
          },
          {
            "key": "data[]creation_system_option",
            "type": "string"
          },
          {
            "key": "data[]date_agent_waiting",
            "type": "string"
          },
          {
            "key": "data[]date_archived",
            "type": "string"
          },
          {
            "key": "data[]date_created",
            "type": "string"
          },
          {
            "key": "data[]date_feedback_rating",
            "type": "string"
          },
          {
            "key": "data[]date_first_agent_assign",
            "type": "string"
          },
          {
            "key": "data[]date_first_agent_reply",
            "type": "string"
          },
          {
            "key": "data[]date_last_agent_reply",
            "type": "string"
          },
          {
            "key": "data[]date_last_user_reply",
            "type": "string"
          },
          {
            "key": "data[]date_locked",
            "type": "string"
          },
          {
            "key": "data[]date_resolved",
            "type": "string"
          },
          {
            "key": "data[]date_status",
            "type": "string"
          },
          {
            "key": "data[]date_user_waiting",
            "type": "string"
          },
          {
            "key": "data[]department",
            "type": "string"
          },
          {
            "key": "data[]email_account",
            "type": "string"
          },
          {
            "key": "data[]email_account_address",
            "type": "string"
          },
          {
            "key": "data[]feedback_rating",
            "type": "string"
          },
          {
            "key": "data[]has_attachments",
            "type": "string"
          },
          {
            "key": "data[]id",
            "type": "string"
          },
          {
            "key": "data[]is_hold",
            "type": "string"
          },
          {
            "key": "data[]labels",
            "type": "string"
          },
          {
            "key": "data[]language",
            "type": "string"
          },
          {
            "key": "data[]linked_chat",
            "type": "string"
          },
          {
            "key": "data[]locked_by_agent",
            "type": "string"
          },
          {
            "key": "data[]organization",
            "type": "string"
          },
          {
            "key": "data[]original_subject",
            "type": "string"
          },
          {
            "key": "data[]parent",
            "type": "string"
          },
          {
            "key": "data[]person",
            "type": "string"
          },
          {
            "key": "data[]person_email",
            "type": "string"
          },
          {
            "key": "data[]priority",
            "type": "string"
          },
          {
            "key": "data[]problems",
            "type": "string"
          },
          {
            "key": "data[]product",
            "type": "string"
          },
          {
            "key": "data[]properties",
            "type": "string"
          },
          {
            "key": "data[]ref",
            "type": "string"
          },
          {
            "key": "data[]sent_to_address",
            "type": "string"
          },
          {
            "key": "data[]siblings",
            "type": "string"
          },
          {
            "key": "data[]star",
            "type": "string"
          },
          {
            "key": "data[]status",
            "type": "string"
          },
          {
            "key": "data[]subject",
            "type": "string"
          },
          {
            "key": "data[]ticket_hash",
            "type": "string"
          },
          {
            "key": "data[]ticket_slas",
            "type": "string"
          },
          {
            "key": "data[]total_to_first_reply",
            "type": "string"
          },
          {
            "key": "data[]total_user_waiting",
            "type": "string"
          },
          {
            "key": "data[]urgency",
            "type": "string"
          },
          {
            "key": "data[]waiting_times",
            "type": "string"
          },
          {
            "key": "data[]workflow",
            "type": "string"
          },
          {
            "key": "data[]worst_sla_status",
            "type": "string"
          },
          {
            "key": "meta__pagination__count",
            "type": "string"
          },
          {
            "key": "meta__pagination__current_page",
            "type": "string"
          },
          {
            "key": "meta__pagination__per_page",
            "type": "string"
          },
          {
            "key": "meta__pagination__total",
            "type": "string"
          },
          {
            "key": "meta__pagination__total_pages",
            "type": "string"
          }
        ],
        "perform": "$func$2$f$"
      }
    }
  },
  "searches": {
    "find_person": {
      "key": "find_person",
      "noun": "Person",
      "display": {
        "label": "Find Person",
        "description": "Finds an existing contact.",
        "important": true
      },
      "operation": {
        "inputFields": [
          {
            "key": "primary_email",
            "label": "Email",
            "helpText": "(help text must be at least 10 characters)",
            "type": "string",
            "required": true
          }
        ],
        "outputFields": [
          {
            "key": "agent_data",
            "type": "string"
          },
          {
            "key": "agent_groups",
            "type": "string"
          },
          {
            "key": "avatar__base_gravatar_url",
            "type": "string"
          },
          {
            "key": "avatar__default_url_pattern",
            "type": "string"
          },
          {
            "key": "avatar__url_pattern",
            "type": "string"
          },
          {
            "key": "browser",
            "type": "string"
          },
          {
            "key": "can_admin",
            "type": "string"
          },
          {
            "key": "can_agent",
            "type": "string"
          },
          {
            "key": "can_billing",
            "type": "string"
          },
          {
            "key": "chats_count",
            "type": "string"
          },
          {
            "key": "contact_data",
            "type": "string"
          },
          {
            "key": "creation_system",
            "type": "string"
          },
          {
            "key": "date_created",
            "type": "string"
          },
          {
            "key": "date_last_login",
            "type": "string"
          },
          {
            "key": "disable_autoresponses",
            "type": "string"
          },
          {
            "key": "disable_autoresponses_log",
            "type": "string"
          },
          {
            "key": "disable_picture",
            "type": "string"
          },
          {
            "key": "emails",
            "type": "string"
          },
          {
            "key": "first_name",
            "type": "string"
          },
          {
            "key": "gravatar_url",
            "type": "string"
          },
          {
            "key": "id",
            "type": "string"
          },
          {
            "key": "is_agent",
            "type": "string"
          },
          {
            "key": "is_confirmed",
            "type": "string"
          },
          {
            "key": "is_contact",
            "type": "string"
          },
          {
            "key": "is_deleted",
            "type": "string"
          },
          {
            "key": "is_disabled",
            "type": "string"
          },
          {
            "key": "is_user",
            "type": "string"
          },
          {
            "key": "labels",
            "type": "string"
          },
          {
            "key": "language",
            "type": "string"
          },
          {
            "key": "last_name",
            "type": "string"
          },
          {
            "key": "last_seen",
            "type": "string"
          },
          {
            "key": "name",
            "type": "string"
          },
          {
            "key": "online",
            "type": "string"
          },
          {
            "key": "organization",
            "type": "string",
            "label": "Organization Id"
          },
          {
            "key": "organization_manager",
            "type": "string"
          },
          {
            "key": "organization_position",
            "type": "string"
          },
          {
            "key": "override_display_name",
            "type": "string"
          },
          {
            "key": "phone_numbers",
            "type": "string"
          },
          {
            "key": "picture_blob",
            "type": "string"
          },
          {
            "key": "primary_email",
            "type": "string"
          },
          {
            "key": "primary_team",
            "type": "string"
          },
          {
            "key": "summary",
            "type": "string"
          },
          {
            "key": "teams",
            "type": "string"
          },
          {
            "key": "tickets_count",
            "type": "string"
          },
          {
            "key": "timezone",
            "type": "string"
          },
          {
            "key": "title_prefix",
            "type": "string"
          },
          {
            "key": "user_groups",
            "type": "string"
          },
          {
            "key": "was_agent",
            "type": "string"
          }
        ],
        "perform": "$func$2$f$"
      }
    },
    "find_organization": {
      "key": "find_organization",
      "noun": "Organization",
      "display": {
        "label": "Find Organization",
        "description": "Find an existing organization.",
        "important": true
      },
      "operation": {
        "inputFields": [
          {
            "key": "name",
            "label": "Name",
            "helpText": "(help text must be at least 10 characters)",
            "type": "string",
            "required": true
          }
        ],
        "outputFields": [
          {
            "key": "chats_count",
            "type": "string"
          },
          {
            "key": "contact_data",
            "type": "string"
          },
          {
            "key": "date_created",
            "type": "string"
          },
          {
            "key": "email_domains",
            "type": "string"
          },
          {
            "key": "id",
            "type": "string"
          },
          {
            "key": "importance",
            "type": "string"
          },
          {
            "key": "labels",
            "type": "string"
          },
          {
            "key": "members",
            "type": "string"
          },
          {
            "key": "name",
            "type": "string"
          },
          {
            "key": "parent",
            "type": "string"
          },
          {
            "key": "summary",
            "type": "string"
          },
          {
            "key": "tickets_count",
            "type": "string"
          },
          {
            "key": "user_groups",
            "type": "string"
          }
        ],
        "perform": "$func$2$f$"
      }
    },
    "find_person_by_id": {
      "key": "find_person_by_id",
      "noun": "Person",
      "display": {
        "label": "Find Person by Id",
        "description": "Finds an existing contact by their id.",
        "hidden": true
      },
      "operation": {
        "inputFields": [
          {
            "key": "ids",
            "label": "Id",
            "helpText": "(help text must be at least 10 characters)",
            "type": "string",
            "required": true
          }
        ],
        "outputFields": [
          {
            "key": "agent_data",
            "type": "string"
          },
          {
            "key": "agent_groups",
            "type": "string"
          },
          {
            "key": "avatar__base_gravatar_url",
            "type": "string"
          },
          {
            "key": "avatar__default_url_pattern",
            "type": "string"
          },
          {
            "key": "avatar__url_pattern",
            "type": "string"
          },
          {
            "key": "browser",
            "type": "string"
          },
          {
            "key": "can_admin",
            "type": "string"
          },
          {
            "key": "can_agent",
            "type": "string"
          },
          {
            "key": "can_billing",
            "type": "string"
          },
          {
            "key": "chats_count",
            "type": "string"
          },
          {
            "key": "contact_data",
            "type": "string"
          },
          {
            "key": "creation_system",
            "type": "string"
          },
          {
            "key": "date_created",
            "type": "string"
          },
          {
            "key": "date_last_login",
            "type": "string"
          },
          {
            "key": "disable_autoresponses",
            "type": "string"
          },
          {
            "key": "disable_autoresponses_log",
            "type": "string"
          },
          {
            "key": "disable_picture",
            "type": "string"
          },
          {
            "key": "emails",
            "type": "string"
          },
          {
            "key": "first_name",
            "type": "string"
          },
          {
            "key": "gravatar_url",
            "type": "string"
          },
          {
            "key": "id",
            "type": "string"
          },
          {
            "key": "is_agent",
            "type": "string"
          },
          {
            "key": "is_confirmed",
            "type": "string"
          },
          {
            "key": "is_contact",
            "type": "string"
          },
          {
            "key": "is_deleted",
            "type": "string"
          },
          {
            "key": "is_disabled",
            "type": "string"
          },
          {
            "key": "is_user",
            "type": "string"
          },
          {
            "key": "labels",
            "type": "string"
          },
          {
            "key": "language",
            "type": "string"
          },
          {
            "key": "last_name",
            "type": "string"
          },
          {
            "key": "last_seen",
            "type": "string"
          },
          {
            "key": "name",
            "type": "string"
          },
          {
            "key": "online",
            "type": "string"
          },
          {
            "key": "organization",
            "type": "string",
            "label": "Organization Id"
          },
          {
            "key": "organization_manager",
            "type": "string"
          },
          {
            "key": "organization_position",
            "type": "string"
          },
          {
            "key": "override_display_name",
            "type": "string"
          },
          {
            "key": "phone_numbers",
            "type": "string"
          },
          {
            "key": "picture_blob",
            "type": "string"
          },
          {
            "key": "primary_email",
            "type": "string"
          },
          {
            "key": "primary_team",
            "type": "string"
          },
          {
            "key": "summary",
            "type": "string"
          },
          {
            "key": "teams",
            "type": "string"
          },
          {
            "key": "tickets_count",
            "type": "string"
          },
          {
            "key": "timezone",
            "type": "string"
          },
          {
            "key": "title_prefix",
            "type": "string"
          },
          {
            "key": "user_groups",
            "type": "string"
          },
          {
            "key": "was_agent",
            "type": "string"
          }
        ],
        "perform": "$func$2$f$"
      }
    },
    "find_organization_by_id": {
      "key": "find_organization_by_id",
      "noun": "Organization",
      "display": {
        "label": "Find Organization by Id",
        "description": "Find an existing organization by its id.",
        "hidden": true
      },
      "operation": {
        "inputFields": [
          {
            "key": "ids",
            "label": "Id",
            "helpText": "(help text must be at least 10 characters)",
            "type": "string",
            "required": true
          }
        ],
        "outputFields": [
          {
            "key": "chats_count",
            "type": "string"
          },
          {
            "key": "contact_data",
            "type": "string"
          },
          {
            "key": "date_created",
            "type": "string"
          },
          {
            "key": "email_domains",
            "type": "string"
          },
          {
            "key": "id",
            "type": "string"
          },
          {
            "key": "importance",
            "type": "string"
          },
          {
            "key": "labels",
            "type": "string"
          },
          {
            "key": "members",
            "type": "string"
          },
          {
            "key": "name",
            "type": "string"
          },
          {
            "key": "parent",
            "type": "string"
          },
          {
            "key": "summary",
            "type": "string"
          },
          {
            "key": "tickets_count",
            "type": "string"
          },
          {
            "key": "user_groups",
            "type": "string"
          }
        ],
        "perform": "$func$2$f$"
      }
    },
    "find_ticket": {
      "key": "find_ticket",
      "noun": "Ticket",
      "display": {
        "label": "Find Ticket",
        "description": "Finds an existing ticket."
      },
      "operation": {
        "inputFields": [
          {
            "key": "query",
            "label": "Query",
            "helpText": "It can be the reference, the ticket ID or part of the ticket subject.",
            "type": "string",
            "required": true
          }
        ],
        "outputFields": [
          {
            "key": "agent",
            "type": "string"
          },
          {
            "key": "agent_team",
            "type": "string"
          },
          {
            "key": "auth",
            "type": "string"
          },
          {
            "key": "category",
            "type": "string"
          },
          {
            "key": "cc",
            "type": "string"
          },
          {
            "key": "children",
            "type": "string"
          },
          {
            "key": "count_agent_replies",
            "type": "string"
          },
          {
            "key": "count_user_replies",
            "type": "string"
          },
          {
            "key": "creation_system",
            "type": "string"
          },
          {
            "key": "creation_system_option",
            "type": "string"
          },
          {
            "key": "date_agent_waiting",
            "type": "string"
          },
          {
            "key": "date_archived",
            "type": "string"
          },
          {
            "key": "date_created",
            "type": "string"
          },
          {
            "key": "date_feedback_rating",
            "type": "string"
          },
          {
            "key": "date_first_agent_assign",
            "type": "string"
          },
          {
            "key": "date_first_agent_reply",
            "type": "string"
          },
          {
            "key": "date_last_agent_reply",
            "type": "string"
          },
          {
            "key": "date_last_user_reply",
            "type": "string"
          },
          {
            "key": "date_locked",
            "type": "string"
          },
          {
            "key": "date_resolved",
            "type": "string"
          },
          {
            "key": "date_status",
            "type": "string"
          },
          {
            "key": "date_user_waiting",
            "type": "string"
          },
          {
            "key": "department",
            "type": "string"
          },
          {
            "key": "email_account",
            "type": "string"
          },
          {
            "key": "email_account_address",
            "type": "string"
          },
          {
            "key": "feedback_rating",
            "type": "string"
          },
          {
            "key": "has_attachments",
            "type": "string"
          },
          {
            "key": "id",
            "type": "string",
            "label": "ID"
          },
          {
            "key": "is_hold",
            "type": "string"
          },
          {
            "key": "labels",
            "type": "string"
          },
          {
            "key": "language",
            "type": "string"
          },
          {
            "key": "linked_chat",
            "type": "string"
          },
          {
            "key": "locked_by_agent",
            "type": "string"
          },
          {
            "key": "organization",
            "type": "string"
          },
          {
            "key": "original_subject",
            "type": "string"
          },
          {
            "key": "parent",
            "type": "string"
          },
          {
            "key": "person",
            "type": "string",
            "label": "Person Id"
          },
          {
            "key": "person_email",
            "type": "string"
          },
          {
            "key": "priority",
            "type": "string"
          },
          {
            "key": "problems",
            "type": "string"
          },
          {
            "key": "product",
            "type": "string"
          },
          {
            "key": "properties",
            "type": "string"
          },
          {
            "key": "ref",
            "type": "string"
          },
          {
            "key": "sent_to_address",
            "type": "string"
          },
          {
            "key": "siblings",
            "type": "string"
          },
          {
            "key": "star",
            "type": "string"
          },
          {
            "key": "status",
            "type": "string"
          },
          {
            "key": "subject",
            "type": "string"
          },
          {
            "key": "ticket_hash",
            "type": "string"
          },
          {
            "key": "ticket_slas",
            "type": "string"
          },
          {
            "key": "total_to_first_reply",
            "type": "string"
          },
          {
            "key": "total_user_waiting",
            "type": "string"
          },
          {
            "key": "urgency",
            "type": "string"
          },
          {
            "key": "waiting_times",
            "type": "string"
          },
          {
            "key": "workflow",
            "type": "string"
          },
          {
            "key": "worst_sla_status",
            "type": "string"
          }
        ],
        "perform": "$func$2$f$"
      }
    }
  },
  "creates": {
    "create_person": {
      "key": "create_person",
      "noun": "Create_person",
      "display": {
        "label": "Create Person",
        "description": "Creates a new person."
      },
      "operation": {
        "inputFields": [
          {
            "key": "primary_email",
            "label": "Email Address",
            "helpText": "(help text must be at least 10 characters)",
            "type": "string",
            "required": true
          },
          {
            "key": "password",
            "label": "Password",
            "helpText": "Password (will be encrypted in the database).",
            "type": "string",
            "required": false
          },
          {
            "key": "title_prefix",
            "label": "Title",
            "helpText": "(help text must be at least 10 characters)",
            "type": "string",
            "required": false
          },
          {
            "key": "name",
            "label": "Name",
            "helpText": "Full name of the person. (You need either a name or a first and a last name, both can be specified).",
            "type": "string",
            "required": false,
            "placeholder": "John Doe"
          },
          {
            "key": "first_name",
            "label": "First Name",
            "helpText": "(help text must be at least 10 characters)",
            "type": "string",
            "required": false
          },
          {
            "key": "last_name",
            "label": "Last Name",
            "helpText": "(help text must be at least 10 characters)",
            "type": "string",
            "required": false
          },
          {
            "key": "organization",
            "label": "Organization",
            "helpText": "(help text must be at least 10 characters)",
            "type": "string",
            "required": false
          },
          {
            "key": "labels",
            "label": "Labels",
            "helpText": "(help text must be at least 10 characters)",
            "type": "string",
            "required": false
          }
        ],
        "outputFields": [
          {
            "key": "agent_data",
            "type": "string"
          },
          {
            "key": "agent_groups",
            "type": "string"
          },
          {
            "key": "avatar__base_gravatar_url",
            "type": "string"
          },
          {
            "key": "avatar__default_url_pattern",
            "type": "string"
          },
          {
            "key": "avatar__url_pattern",
            "type": "string"
          },
          {
            "key": "browser",
            "type": "string"
          },
          {
            "key": "can_admin",
            "type": "string"
          },
          {
            "key": "can_agent",
            "type": "string"
          },
          {
            "key": "can_billing",
            "type": "string"
          },
          {
            "key": "chats_count",
            "type": "string"
          },
          {
            "key": "contact_data",
            "type": "string"
          },
          {
            "key": "creation_system",
            "type": "string"
          },
          {
            "key": "date_created",
            "type": "string"
          },
          {
            "key": "date_last_login",
            "type": "string"
          },
          {
            "key": "disable_autoresponses",
            "type": "string"
          },
          {
            "key": "disable_autoresponses_log",
            "type": "string"
          },
          {
            "key": "disable_picture",
            "type": "string"
          },
          {
            "key": "emails",
            "type": "string"
          },
          {
            "key": "fields__11__value",
            "type": "string"
          },
          {
            "key": "fields__33__value",
            "type": "string"
          },
          {
            "key": "fields__5__value",
            "type": "string"
          },
          {
            "key": "fields__6__value",
            "type": "string"
          },
          {
            "key": "first_name",
            "type": "string",
            "label": "First Name"
          },
          {
            "key": "gravatar_url",
            "type": "string"
          },
          {
            "key": "id",
            "type": "string",
            "label": "Id"
          },
          {
            "key": "is_agent",
            "type": "string"
          },
          {
            "key": "is_confirmed",
            "type": "string"
          },
          {
            "key": "is_contact",
            "type": "string"
          },
          {
            "key": "is_deleted",
            "type": "string"
          },
          {
            "key": "is_disabled",
            "type": "string"
          },
          {
            "key": "is_user",
            "type": "string"
          },
          {
            "key": "labels",
            "type": "string"
          },
          {
            "key": "language",
            "type": "string"
          },
          {
            "key": "last_name",
            "type": "string",
            "label": "Last Name"
          },
          {
            "key": "last_seen",
            "type": "string"
          },
          {
            "key": "name",
            "type": "string",
            "label": "Name"
          },
          {
            "key": "online",
            "type": "string"
          },
          {
            "key": "organization",
            "type": "string",
            "label": "Organization Id"
          },
          {
            "key": "organization_manager",
            "type": "string"
          },
          {
            "key": "organization_position",
            "type": "string"
          },
          {
            "key": "override_display_name",
            "type": "string"
          },
          {
            "key": "phone_numbers",
            "type": "string"
          },
          {
            "key": "picture_blob",
            "type": "string"
          },
          {
            "key": "primary_email",
            "type": "string",
            "label": "Primary Email"
          },
          {
            "key": "primary_team",
            "type": "string"
          },
          {
            "key": "summary",
            "type": "string"
          },
          {
            "key": "teams",
            "type": "string"
          },
          {
            "key": "tickets_count",
            "type": "string"
          },
          {
            "key": "timezone",
            "type": "string"
          },
          {
            "key": "title_prefix",
            "type": "string"
          },
          {
            "key": "user_groups",
            "type": "string"
          },
          {
            "key": "was_agent",
            "type": "string"
          }
        ],
        "perform": "$func$2$f$"
      }
    },
    "create_ticket": {
      "key": "create_ticket",
      "noun": "Ticket",
      "display": {
        "label": "Create Ticket",
        "description": "Creates a new ticket.",
        "important": true
      },
      "operation": {
        "inputFields": [
          {
            "key": "department",
            "label": "Department",
            "helpText": "(help text must be at least 10 characters)",
            "type": "string",
            "required": false
          },
          {
            "key": "agent",
            "label": "Agent",
            "helpText": "Agent assign to the ticket, you can use Id or email address.",
            "type": "string",
            "required": false
          },
          {
            "key": "subject",
            "label": "Subject",
            "helpText": "(help text must be at least 10 characters)",
            "type": "string",
            "required": true
          },
          {
            "key": "message__message",
            "label": "Message",
            "helpText": "(help text must be at least 10 characters)",
            "type": "string",
            "required": false
          },
          {
            "key": "message__format",
            "label": "Format",
            "helpText": "(help text must be at least 10 characters)",
            "type": "string",
            "required": false
          },
          {
            "key": "message__person",
            "label": "Message Author",
            "helpText": "Optional, can be an Id or email address.",
            "type": "string",
            "required": false
          },
          {
            "key": "person",
            "label": "Person",
            "helpText": "(help text must be at least 10 characters)",
            "type": "string",
            "required": true
          },
          {
            "key": "status",
            "label": "Status",
            "helpText": "(help text must be at least 10 characters)",
            "type": "string",
            "required": false
          },
          {
            "key": "labels",
            "label": "Labels",
            "helpText": "(help text must be at least 10 characters)",
            "type": "string",
            "required": false
          }
        ],
        "outputFields": [
          {
            "key": "agent",
            "type": "string"
          },
          {
            "key": "agent_team",
            "type": "string"
          },
          {
            "key": "auth",
            "type": "string"
          },
          {
            "key": "category",
            "type": "string"
          },
          {
            "key": "cc",
            "type": "string"
          },
          {
            "key": "children",
            "type": "string"
          },
          {
            "key": "count_agent_replies",
            "type": "string"
          },
          {
            "key": "count_user_replies",
            "type": "string"
          },
          {
            "key": "creation_system",
            "type": "string"
          },
          {
            "key": "creation_system_option",
            "type": "string"
          },
          {
            "key": "date_agent_waiting",
            "type": "string"
          },
          {
            "key": "date_archived",
            "type": "string"
          },
          {
            "key": "date_created",
            "type": "string"
          },
          {
            "key": "date_feedback_rating",
            "type": "string"
          },
          {
            "key": "date_first_agent_assign",
            "type": "string"
          },
          {
            "key": "date_first_agent_reply",
            "type": "string"
          },
          {
            "key": "date_last_agent_reply",
            "type": "string"
          },
          {
            "key": "date_last_user_reply",
            "type": "string"
          },
          {
            "key": "date_locked",
            "type": "string"
          },
          {
            "key": "date_resolved",
            "type": "string"
          },
          {
            "key": "date_status",
            "type": "string"
          },
          {
            "key": "date_user_waiting",
            "type": "string"
          },
          {
            "key": "department",
            "type": "string"
          },
          {
            "key": "email_account",
            "type": "string"
          },
          {
            "key": "email_account_address",
            "type": "string"
          },
          {
            "key": "feedback_rating",
            "type": "string"
          },
          {
            "key": "has_attachments",
            "type": "string"
          },
          {
            "key": "hidden_status",
            "type": "string"
          },
          {
            "key": "id",
            "type": "string",
            "label": "Id"
          },
          {
            "key": "is_hold",
            "type": "string"
          },
          {
            "key": "labels",
            "type": "string"
          },
          {
            "key": "language",
            "type": "string"
          },
          {
            "key": "linked_chat",
            "type": "string"
          },
          {
            "key": "locked_by_agent",
            "type": "string"
          },
          {
            "key": "organization",
            "type": "string"
          },
          {
            "key": "original_subject",
            "type": "string"
          },
          {
            "key": "parent",
            "type": "string"
          },
          {
            "key": "person",
            "type": "string"
          },
          {
            "key": "person_email",
            "type": "string"
          },
          {
            "key": "priority",
            "type": "string"
          },
          {
            "key": "problems",
            "type": "string"
          },
          {
            "key": "product",
            "type": "string"
          },
          {
            "key": "properties",
            "type": "string"
          },
          {
            "key": "ref",
            "type": "string"
          },
          {
            "key": "sent_to_address",
            "type": "string"
          },
          {
            "key": "siblings",
            "type": "string"
          },
          {
            "key": "star",
            "type": "string"
          },
          {
            "key": "status",
            "type": "string"
          },
          {
            "key": "subject",
            "type": "string",
            "label": "Subject"
          },
          {
            "key": "ticket_hash",
            "type": "string"
          },
          {
            "key": "ticket_slas",
            "type": "string"
          },
          {
            "key": "total_to_first_reply",
            "type": "string"
          },
          {
            "key": "total_user_waiting",
            "type": "string"
          },
          {
            "key": "urgency",
            "type": "string"
          },
          {
            "key": "waiting_times",
            "type": "string"
          },
          {
            "key": "workflow",
            "type": "string"
          },
          {
            "key": "worst_sla_status",
            "type": "string"
          }
        ],
        "perform": "$func$2$f$"
      }
    },
    "add_note_to_ticket": {
      "key": "add_note_to_ticket",
      "noun": "Message",
      "display": {
        "label": "Add Message to Ticket",
        "description": "Add a new note to an existing ticket."
      },
      "operation": {
        "inputFields": [
          {
            "key": "id",
            "label": "Id",
            "helpText": "(help text must be at least 10 characters)",
            "type": "string",
            "required": true
          },
          {
            "key": "is_note",
            "label": "Is Note",
            "helpText": "Is this message an agent note?",
            "type": "string",
            "required": false
          },
          {
            "key": "format",
            "label": "Format",
            "helpText": "(help text must be at least 10 characters)",
            "type": "string",
            "required": false
          },
          {
            "key": "message",
            "label": "Message",
            "helpText": "(help text must be at least 10 characters)",
            "type": "string",
            "required": true
          }
        ],
        "outputFields": [
          {
            "key": "data__attachments",
            "type": "string"
          },
          {
            "key": "data__attributes",
            "type": "string"
          },
          {
            "key": "data__creation_system",
            "type": "string"
          },
          {
            "key": "data__date_created",
            "type": "string"
          },
          {
            "key": "data__email",
            "type": "string"
          },
          {
            "key": "data__email_source",
            "type": "string"
          },
          {
            "key": "data__geo_country",
            "type": "string"
          },
          {
            "key": "data__hostname",
            "type": "string"
          },
          {
            "key": "data__id",
            "type": "string",
            "label": "Id"
          },
          {
            "key": "data__ip_address",
            "type": "string"
          },
          {
            "key": "data__is_agent_note",
            "type": "string",
            "label": "Is this an agent note"
          },
          {
            "key": "data__lang_code",
            "type": "string"
          },
          {
            "key": "data__message",
            "type": "string",
            "label": "Message"
          },
          {
            "key": "data__message_full",
            "type": "string"
          },
          {
            "key": "data__message_hash",
            "type": "string"
          },
          {
            "key": "data__message_raw",
            "type": "string"
          },
          {
            "key": "data__person",
            "type": "string"
          },
          {
            "key": "data__primary_translation",
            "type": "string"
          },
          {
            "key": "data__show_full_hint",
            "type": "string"
          },
          {
            "key": "data__ticket",
            "type": "string"
          },
          {
            "key": "data__visitor_id",
            "type": "string"
          }
        ],
        "perform": "$func$2$f$"
      }
    },
    "create_organization": {
      "key": "create_organization",
      "noun": "Organization",
      "display": {
        "label": "Create Organization",
        "description": "Create a new organization."
      },
      "operation": {
        "inputFields": [
          {
            "key": "name",
            "label": "Name",
            "helpText": "(help text must be at least 10 characters)",
            "type": "string",
            "required": true
          },
          {
            "key": "summary",
            "label": "Summary",
            "helpText": "(help text must be at least 10 characters)",
            "type": "string",
            "required": false
          },
          {
            "key": "labels",
            "label": "Labels",
            "helpText": "(help text must be at least 10 characters)",
            "type": "string",
            "required": false
          }
        ],
        "outputFields": [
          {
            "key": "data__chats_count",
            "type": "string"
          },
          {
            "key": "data__contact_data",
            "type": "string"
          },
          {
            "key": "data__date_created",
            "type": "string"
          },
          {
            "key": "data__email_domains",
            "type": "string"
          },
          {
            "key": "data__id",
            "type": "string",
            "label": "Id"
          },
          {
            "key": "data__importance",
            "type": "string"
          },
          {
            "key": "data__labels",
            "type": "string"
          },
          {
            "key": "data__members",
            "type": "string"
          },
          {
            "key": "data__name",
            "type": "string",
            "label": "Name"
          },
          {
            "key": "data__parent",
            "type": "string"
          },
          {
            "key": "data__summary",
            "type": "string",
            "label": "Summary"
          },
          {
            "key": "data__tickets_count",
            "type": "string"
          },
          {
            "key": "data__user_groups",
            "type": "string"
          }
        ],
        "perform": "$func$2$f$"
      }
    },
    "update_organization": {
      "key": "update_organization",
      "noun": "Organization",
      "display": {
        "label": "Update Organization",
        "description": "Update an existing organization.",
        "hidden": true
      },
      "operation": {
        "inputFields": [
          {
            "key": "id",
            "label": "Id",
            "helpText": "(help text must be at least 10 characters)",
            "type": "string",
            "required": true
          },
          {
            "key": "name",
            "label": "Name",
            "helpText": "(help text must be at least 10 characters)",
            "type": "string",
            "required": false
          },
          {
            "key": "summary",
            "label": "Summary",
            "helpText": "(help text must be at least 10 characters)",
            "type": "string",
            "required": false
          },
          {
            "key": "labels",
            "label": "Labels",
            "helpText": "Replace the existing list of labels.",
            "type": "string",
            "required": false
          }
        ],
        "outputFields": [
          {
            "key": "chats_count",
            "type": "string"
          },
          {
            "key": "contact_data",
            "type": "string"
          },
          {
            "key": "date_created",
            "type": "string"
          },
          {
            "key": "email_domains",
            "type": "string"
          },
          {
            "key": "id",
            "type": "string"
          },
          {
            "key": "importance",
            "type": "string"
          },
          {
            "key": "labels",
            "type": "string"
          },
          {
            "key": "members",
            "type": "string"
          },
          {
            "key": "name",
            "type": "string"
          },
          {
            "key": "parent",
            "type": "string"
          },
          {
            "key": "summary",
            "type": "string"
          },
          {
            "key": "tickets_count",
            "type": "string"
          },
          {
            "key": "user_groups",
            "type": "string"
          }
        ],
        "perform": "$func$2$f$"
      }
    },
    "update_ticket": {
      "key": "update_ticket",
      "noun": "Ticket",
      "display": {
        "label": "Update Ticket",
        "description": "Update an existing ticket."
      },
      "operation": {
        "inputFields": [
          {
            "key": "id",
            "label": "Id",
            "helpText": "(help text must be at least 10 characters)",
            "type": "string",
            "required": true
          },
          {
            "key": "department",
            "label": "Department",
            "helpText": "(help text must be at least 10 characters)",
            "type": "string",
            "required": false
          },
          {
            "key": "subject",
            "label": "Subject",
            "helpText": "(help text must be at least 10 characters)",
            "type": "string",
            "required": false
          },
          {
            "key": "message__format",
            "label": "Format",
            "helpText": "(help text must be at least 10 characters)",
            "type": "string",
            "required": false
          },
          {
            "key": "person",
            "label": "Person",
            "helpText": "(help text must be at least 10 characters)",
            "type": "string",
            "required": false
          },
          {
            "key": "status",
            "label": "Status",
            "helpText": "(help text must be at least 10 characters)",
            "type": "string",
            "required": false
          },
          {
            "key": "labels",
            "label": "Labels",
            "helpText": "(help text must be at least 10 characters)",
            "type": "string",
            "required": false
          }
        ],
        "outputFields": [
          {
            "key": "agent",
            "type": "string",
            "label": "Agent Id"
          },
          {
            "key": "agent_team",
            "type": "string"
          },
          {
            "key": "auth",
            "type": "string"
          },
          {
            "key": "category",
            "type": "string"
          },
          {
            "key": "cc",
            "type": "string"
          },
          {
            "key": "children",
            "type": "string"
          },
          {
            "key": "count_agent_replies",
            "type": "string"
          },
          {
            "key": "count_user_replies",
            "type": "string"
          },
          {
            "key": "creation_system",
            "type": "string"
          },
          {
            "key": "creation_system_option",
            "type": "string"
          },
          {
            "key": "date_agent_waiting",
            "type": "string"
          },
          {
            "key": "date_archived",
            "type": "string"
          },
          {
            "key": "date_created",
            "type": "string"
          },
          {
            "key": "date_feedback_rating",
            "type": "string"
          },
          {
            "key": "date_first_agent_assign",
            "type": "string"
          },
          {
            "key": "date_first_agent_reply",
            "type": "string"
          },
          {
            "key": "date_last_agent_reply",
            "type": "string"
          },
          {
            "key": "date_last_user_reply",
            "type": "string"
          },
          {
            "key": "date_locked",
            "type": "string"
          },
          {
            "key": "date_resolved",
            "type": "string"
          },
          {
            "key": "date_status",
            "type": "string"
          },
          {
            "key": "date_user_waiting",
            "type": "string"
          },
          {
            "key": "department",
            "type": "string",
            "label": "Department Id"
          },
          {
            "key": "email_account",
            "type": "string"
          },
          {
            "key": "email_account_address",
            "type": "string"
          },
          {
            "key": "feedback_rating",
            "type": "string"
          },
          {
            "key": "has_attachments",
            "type": "string"
          },
          {
            "key": "hidden_status",
            "type": "string"
          },
          {
            "key": "id",
            "type": "string"
          },
          {
            "key": "is_hold",
            "type": "string"
          },
          {
            "key": "labels",
            "type": "string"
          },
          {
            "key": "language",
            "type": "string"
          },
          {
            "key": "linked_chat",
            "type": "string"
          },
          {
            "key": "locked_by_agent",
            "type": "string"
          },
          {
            "key": "organization",
            "type": "string"
          },
          {
            "key": "original_subject",
            "type": "string"
          },
          {
            "key": "parent",
            "type": "string"
          },
          {
            "key": "person",
            "type": "string",
            "label": "Person Id"
          },
          {
            "key": "person_email",
            "type": "string",
            "label": "Person Emails"
          },
          {
            "key": "priority",
            "type": "string"
          },
          {
            "key": "problems",
            "type": "string"
          },
          {
            "key": "product",
            "type": "string"
          },
          {
            "key": "properties",
            "type": "string"
          },
          {
            "key": "ref",
            "type": "string"
          },
          {
            "key": "sent_to_address",
            "type": "string"
          },
          {
            "key": "siblings",
            "type": "string"
          },
          {
            "key": "star",
            "type": "string"
          },
          {
            "key": "status",
            "type": "string"
          },
          {
            "key": "subject",
            "type": "string"
          },
          {
            "key": "ticket_hash",
            "type": "string"
          },
          {
            "key": "ticket_slas",
            "type": "string"
          },
          {
            "key": "total_to_first_reply",
            "type": "string"
          },
          {
            "key": "total_user_waiting",
            "type": "string"
          },
          {
            "key": "urgency",
            "type": "string"
          },
          {
            "key": "waiting_times",
            "type": "string"
          },
          {
            "key": "workflow",
            "type": "string"
          },
          {
            "key": "worst_sla_status",
            "type": "string"
          }
        ],
        "perform": "$func$2$f$"
      }
    }
  },
  "searchOrCreates": {}
}